LineID,VariableMap
0,Component State Change: Component <#5> is in the unavailable state <#6>
1,Component State Change: Component <#5> is in the unavailable state <#6>
2,Component State Change: Component <#5> is in the unavailable state <#6>
3,Component State Change: Component <#5> is in the unavailable state <#6>
4,Component State Change: Component <#5> is in the unavailable state <#6>
5,Component State Change: Component <#5> is in the unavailable state <#6>
6,Component State Change: Component <#5> is in the unavailable state <#6>
7,Component State Change: Component <#5> is in the unavailable state <#6>
8,Component State Change: Component <#5> is in the unavailable state <#6>
9,Component State Change: Component <#5> is in the unavailable state <#6>
10,Component State Change: Component <#5> is in the unavailable state <#6>
11,Component State Change: Component <#5> is in the unavailable state <#6>
12,clusterAddMember (command <#1>
13,clusterAddMember (command <#1>
14,risBoot (command <#1>
15,bootGenvmunix (command <#1>
16,boot (command <#1>
17,boot (command <#1>
18,boot (command <#1>
19,boot (command <#1>
20,wait (command <#1>
21,boot (command <#1>
22,halt (command <#1>
23,boot (command <#1>
24,boot (command <#1>
25,wait (command <#1>
26,wait (command <#1>
27,boot (command <#1>
28,wait (command <#1>
29,boot (command <#1>
30,boot (command <#1>
31,boot (command <#1>
32,halt (command <#1>
33,wait (command <#1>
34,wait (command <#1>
35,wait (command <#1>
36,wait (command <#1>
37,boot (command <#1>
38,wait (command <#1>
39,wait (command <#1>
40,wait (command <#1>
41,wait (command <#1>
42,boot (command <#1>
43,boot (command <#1>
44,boot (command <#1>
45,wait (command <#1>
46,wait (command <#1>
47,wait (command <#1>
48,boot (command <#1>
49,boot (command <#1>
50,boot (command <#1>
51,boot (command <#1>
52,boot (command <#1>
53,wait (command <#1>
54,wait (command <#1>
55,boot (command <#1>
56,wait (command <#1>
57,boot (command <#1>
58,wait (command <#1>
59,boot (command <#1>
60,wait (command <#1>
61,wait (command <#1>
62,boot (command <#1>
63,wait (command <#1>
64,boot (command <#1>
65,wait (command <#1>
66,boot (command <#1>
67,boot (command <#1>
68,boot (command <#1>
69,boot (command <#1>
70,boot (command <#1>
71,wait (command <#1>
72,boot (command <#1>
73,wait (command <#1>
74,boot (command <#1>
75,boot (command <#1>
76,boot (command <#1>
77,wait (command <#1>
78,boot (command <#1>
79,wait (command <#1>
80,wait (command <#1>
81,wait (command <#1>
82,boot (command <#1>
83,wait (command <#1>
84,wait (command <#1>
85,wait (command <#1>
86,wait (command <#1>
87,wait (command <#1>
88,wait (command <#1>
89,boot (command <#1>
90,wait (command <#1>
91,boot (command <#1>
92,halt (command <#1>
93,wait (command <#1>
94,wait (command <#1>
95,wait (command <#1>
96,wait (command <#1>
97,boot (command <#1>
98,boot (command <#1>
99,boot (command <#1>
100,boot (command <#1>
101,boot (command <#1>
102,boot (command <#1>
103,boot (command <#1>
104,wait (command <#1>
105,wait (command <#1>
106,boot (command <#1>
107,wait (command <#1>
108,boot (command <#1>
109,boot (command <#1>
110,wait (command <#1>
111,wait (command <#1>
112,wait (command <#1>
113,boot (command <#1>
114,boot (command <#1>
115,boot (command <#1>
116,boot (command <#1>
117,boot (command <#1>
118,wait (command <#1>
119,boot (command <#1>
120,wait (command <#1>
121,boot (command <#1>
122,wait (command <#1>
123,boot (command <#1>
124,wait (command <#1>
125,boot (command <#1>
126,wait (command <#1>
127,wait (command <#1>
128,wait (command <#1>
129,wait (command <#1>
130,boot (command <#1>
131,boot (command <#1>
132,boot (command <#1>
133,boot (command <#1>
134,wait (command <#1>
135,wait (command <#1>
136,wait (command <#1>
137,boot (command <#1>
138,wait (command <#1>
139,wait (command <#1>
140,boot (command <#1>
141,wait (command <#1>
142,wait (command <#1>
143,boot (command <#1>
144,wait (command <#1>
145,boot (command <#1>
146,boot (command <#1>
147,wait (command <#1>
148,wait (command <#1>
149,bootGenvmunix (command <#1>
150,boot (command <#1>
151,wait (command <#1>
152,wait (command <#1>
153,Command has completed successfully
154,Command has completed successfully
155,Command has completed successfully
156,Command has completed successfully
157,Command has completed successfully
158,Command has completed successfully
159,Command has completed successfully
160,Command has completed successfully
161,Command has completed successfully
162,Command has completed successfully
163,Targeting <#11> and <#12> child of command <#13>
164,Targeting <#11> and <#12> child of command <#13>
165,Targeting <#11> and <#12> <#12> <#12>
166,Targeting <#11> and <#12> child of command <#13>
167,Targeting <#11> and <#12> child of command <#13>
168,Targeting <#11> and <#12> <#12> <#12>
169,Targeting <#11> and <#12> <#12> <#12>
170,Targeting <#11> and <#12> child of command <#13>
171,Targeting <#11> and <#12> <#12> <#12>
172,psu failure\ <#2>
173,psu failure\ <#2>
174,psu failure\ <#2>
175,psu failure\ <#2>
176,psu failure\ <#2>
177,Temperature <#3> exceeds warning threshold
178,Temperature <#3> exceeds warning threshold
179,ClusterFileSystem: There is no server for ServerFileSystem domain <#9>
180,ClusterFileSystem: There is no server for ServerFileSystem domain <#9>
181,ClusterFileSystem: There is no server for ServerFileSystem domain <#9>
182,ClusterFileSystem: There is no server for ServerFileSystem domain <#9>
183,ClusterFileSystem: There is no server for ServerFileSystem domain <#9>
184,ClusterFileSystem: There is no server for ServerFileSystem domain <#9>
185,ClusterFileSystem: There is no server for ServerFileSystem domain <#9>
186,ClusterFileSystem: There is no server for ServerFileSystem domain <#9>
187,ClusterFileSystem: There is no server for ServerFileSystem domain <#9>
188,ClusterFileSystem: There is no server for ServerFileSystem domain <#9>
189,ClusterFileSystem: There is no server for ServerFileSystem domain <#9>
190,ClusterFileSystem: There is no server for ServerFileSystem domain <#9>
191,ClusterFileSystem: There is no server for ServerFileSystem domain <#9>
192,ClusterFileSystem: There is no server for ServerFileSystem domain <#9>
193,ClusterFileSystem: There is no server for ServerFileSystem domain <#9>
194,ClusterFileSystem: There is no server for ServerFileSystem domain <#9>
195,ClusterFileSystem: There is no server for ServerFileSystem domain <#9>
196,ClusterFileSystem: There is no server for ServerFileSystem domain <#9>
197,ClusterFileSystem: There is no server for ServerFileSystem domain <#9>
198,ClusterFileSystem: There is no server for ServerFileSystem domain <#9>
199,ClusterFileSystem: There is no server for ServerFileSystem domain <#9>
200,ClusterFileSystem: There is no server for ServerFileSystem domain <#9>
201,ClusterFileSystem: There is no server for ServerFileSystem domain <#9>
202,ClusterFileSystem: There is no server for ServerFileSystem domain <#9>
203,ClusterFileSystem: There is no server for ServerFileSystem domain <#9>
204,ClusterFileSystem: There is no server for ServerFileSystem domain <#9>
205,ClusterFileSystem: There is no server for ServerFileSystem domain <#9>
206,ClusterFileSystem: There is no server for ServerFileSystem domain <#9>
207,ClusterFileSystem: There is no server for ServerFileSystem domain <#9>
208,ClusterFileSystem: There is no server for ServerFileSystem domain <#9>
209,ClusterFileSystem: There is no server for ServerFileSystem domain <#9>
210,ClusterFileSystem: There is no server for ServerFileSystem domain <#9>
211,NIFF: node <#15> detected a failed network connection on network <#16> via interface <#17>
212,NIFF: node <#15> detected a failed network connection on network <#16> via interface <#17>
213,ServerFileSystem: An ServerFileSystem domain panic has occurred on <#18>
214,Fan speeds ( <#14> <#14> <#14> <#14> <#14> <#14> )
215,Fan speeds ( <#14> <#14> <#14> <#14> <#14> <#14> )
216,Fan speeds ( <#14> <#14> <#14> <#14> <#14> <#14> )
217,Fan speeds ( <#14> <#14> <#14> <#14> <#14> <#14> )
218,Fan speeds ( <#14> <#14> <#14> <#14> <#14> <#14> )
219,Fan speeds ( <#14> <#14> <#14> <#14> <#14> <#14> )
220,Fan speeds ( <#14> <#14> <#14> <#14> <#14> <#14> )
221,Fan speeds ( <#14> <#14> <#14> <#14> <#14> <#14> )
222,Fan speeds ( <#14> <#14> <#14> <#14> <#14> <#14> )
223,Fan speeds ( <#14> <#14> <#14> <#14> <#14> <#14> )
224,Fan speeds ( <#14> <#14> <#14> <#14> <#14> <#14> )
225,Fan speeds ( <#14> <#14> <#14> <#14> <#14> <#14> )
226,Fan speeds ( <#14> <#14> <#14> <#14> <#14> <#14> )
227,Fan speeds ( <#14> <#14> <#14> <#14> <#14> <#14> )
228,Fan speeds ( <#14> <#14> <#14> <#14> <#14> <#14> )
229,Fan speeds ( <#14> <#14> <#14> <#14> <#14> <#14> )
230,Fan speeds ( <#14> <#14> <#14> <#14> <#14> <#14> )
231,Fan speeds ( <#14> <#14> <#14> <#14> <#14> <#14> )
232,Fan speeds ( <#14> <#14> <#14> <#14> <#14> <#14> )
233,Fan speeds ( <#14> <#14> <#14> <#14> <#14> <#14> )
234,Fan speeds ( <#14> <#14> <#14> <#14> <#14> <#14> )
235,Fan speeds ( <#14> <#14> <#14> <#14> <#14> <#14> )
236,Fan speeds ( <#14> <#14> <#14> <#14> <#14> <#14> )
237,Fan speeds ( <#14> <#14> <#14> <#14> <#14> <#14> )
238,Fan speeds ( <#14> <#14> <#14> <#14> <#14> <#14> )
239,Fan speeds ( <#14> <#14> <#14> <#14> <#14> <#14> )
240,Fan speeds ( <#14> <#14> <#14> <#14> <#14> <#14> )
241,Fan speeds ( <#14> <#14> <#14> <#14> <#14> <#14> )
242,Fan speeds ( <#14> <#14> <#14> <#14> <#14> <#14> )
243,Fan speeds ( <#14> <#14> <#14> <#14> <#14> <#14> )
244,Fan speeds ( <#14> <#14> <#14> <#14> <#14> <#14> )
245,Fan speeds ( <#14> <#14> <#14> <#14> <#14> <#14> )
246,Fan speeds ( <#14> <#14> <#14> <#14> <#14> <#14> )
247,Fan speeds ( <#14> <#14> <#14> <#14> <#14> <#14> )
248,Fan speeds ( <#14> <#14> <#14> <#14> <#14> <#14> )
249,Fan speeds ( <#14> <#14> <#14> <#14> <#14> <#14> )
250,Fan speeds ( <#14> <#14> <#14> <#14> <#14> <#14> )
251,Fan speeds ( <#14> <#14> <#14> <#14> <#14> <#14> )
252,Fan speeds ( <#14> <#14> <#14> <#14> <#14> <#14> )
253,Fan speeds ( <#14> <#14> <#14> <#14> <#14> <#14> )
254,Fan speeds ( <#14> <#14> <#14> <#14> <#14> <#14> )
255,Fan speeds ( <#14> <#14> <#14> <#14> <#14> <#14> )
256,Fan speeds ( <#14> <#14> <#14> <#14> <#14> <#14> )
257,Fan speeds ( <#14> <#14> <#14> <#14> <#14> <#14> )
258,Fan speeds ( <#14> <#14> <#14> <#14> <#14> <#14> )
259,Fan speeds ( <#14> <#14> <#14> <#14> <#14> <#14> )
260,Fan speeds ( <#14> <#14> <#14> <#14> <#14> <#14> )
261,Fan speeds ( <#14> <#14> <#14> <#14> <#14> <#14> )
262,Fan speeds ( <#14> <#14> <#14> <#14> <#14> <#14> )
263,Fan speeds ( <#14> <#14> <#14> <#14> <#14> <#14> )
264,Fan speeds ( <#14> <#14> <#14> <#14> <#14> <#14> )
265,Fan speeds ( <#14> <#14> <#14> <#14> <#14> <#14> )
266,Fan speeds ( <#14> <#14> <#14> <#14> <#14> <#14> )
267,Fan speeds ( <#14> <#14> <#14> <#14> <#14> <#14> )
268,Fan speeds ( <#14> <#14> <#14> <#14> <#14> <#14> )
269,Fan speeds ( <#14> <#14> <#14> <#14> <#14> <#14> )
270,Fan speeds ( <#14> <#14> <#14> <#14> <#14> <#14> )
271,Fan speeds ( <#14> <#14> <#14> <#14> <#14> <#14> )
272,Fan speeds ( <#14> <#14> <#14> <#14> <#14> <#14> )
273,Fan speeds ( <#14> <#14> <#14> <#14> <#14> <#14> )
274,Fan speeds ( <#14> <#14> <#14> <#14> <#14> <#14> )
275,Fan speeds ( <#14> <#14> <#14> <#14> <#14> <#14> )
276,Fan speeds ( <#14> <#14> <#14> <#14> <#14> <#14> )
277,Fan speeds ( <#14> <#14> <#14> <#14> <#14> <#14> )
278,Fan speeds ( <#14> <#14> <#14> <#14> <#14> <#14> )
279,Fan speeds ( <#14> <#14> <#14> <#14> <#14> <#14> )
280,Fan speeds ( <#14> <#14> <#14> <#14> <#14> <#14> )
281,Fan speeds ( <#14> <#14> <#14> <#14> <#14> <#14> )
282,Fan speeds ( <#14> <#14> <#14> <#14> <#14> <#14> )
283,Fan speeds ( <#14> <#14> <#14> <#14> <#14> <#14> )
284,Fan speeds ( <#14> <#14> <#14> <#14> <#14> <#14> )
285,Fan speeds ( <#14> <#14> <#14> <#14> <#14> <#14> )
286,Fan speeds ( <#14> <#14> <#14> <#14> <#14> <#14> )
287,Fan speeds ( <#14> <#14> <#14> <#14> <#14> <#14> )
288,Fan speeds ( <#14> <#14> <#14> <#14> <#14> <#14> )
289,Fan speeds ( <#14> <#14> <#14> <#14> <#14> <#14> )
290,Fan speeds ( <#14> <#14> <#14> <#14> <#14> <#14> )
291,Fan speeds ( <#14> <#14> <#14> <#14> <#14> <#14> )
292,Fan speeds ( <#14> <#14> <#14> <#14> <#14> <#14> )
293,Fan speeds ( <#14> <#14> <#14> <#14> <#14> <#14> )
294,Fan speeds ( <#14> <#14> <#14> <#14> <#14> <#14> )
295,Fan speeds ( <#14> <#14> <#14> <#14> <#14> <#14> )
296,Fan speeds ( <#14> <#14> <#14> <#14> <#14> <#14> )
297,Fan speeds ( <#14> <#14> <#14> <#14> <#14> <#14> )
298,Fan speeds ( <#14> <#14> <#14> <#14> <#14> <#14> )
299,Fan speeds ( <#14> <#14> <#14> <#14> <#14> <#14> )
300,Fan speeds ( <#14> <#14> <#14> <#14> <#14> <#14> )
301,Fan speeds ( <#14> <#14> <#14> <#14> <#14> <#14> )
302,Fan speeds ( <#14> <#14> <#14> <#14> <#14> <#14> )
303,Fan speeds ( <#14> <#14> <#14> <#14> <#14> <#14> )
304,Command has been aborted
305,power/control problem
306,Link error
307,Link error
308,Link error
309,Link error
310,Link in reset
311,Link error
312,Link error
313,Link error
314,Link error
315,Link error
316,Link in reset
317,Link ok
318,Link error on broadcast tree <#10>
319,Link error on broadcast tree <#10>
320,Link error on broadcast tree <#10>
321,Link error on broadcast tree <#10>
322,ServerFileSystem: ServerFileSystem domain <#9> is full
323,ServerFileSystem: ServerFileSystem domain <#9> is full
324,ServerFileSystem: ServerFileSystem domain <#9> is full
325,ServerFileSystem: ServerFileSystem domain <#9> is full
326,ServerFileSystem: ServerFileSystem domain <#9> is full
327,ServerFileSystem: ServerFileSystem domain <#9> is full
328,ServerFileSystem: ServerFileSystem domain <#9> is full
329,ServerFileSystem: ServerFileSystem domain <#9> is full
330,ServerFileSystem: ServerFileSystem domain <#9> is full
331,ServerFileSystem: ServerFileSystem domain <#9> is full
332,ServerFileSystem: ServerFileSystem domain <#9> is full
333,ServerFileSystem: ServerFileSystem domain <#9> is full
334,ClusterFileSystem: ServerFileSystem domain <#7> is no longer served by node <#8>
335,ClusterFileSystem: ServerFileSystem domain <#7> is no longer served by node <#8>
336,ClusterFileSystem: ServerFileSystem domain <#7> is no longer served by node <#8>
337,ClusterFileSystem: ServerFileSystem domain <#7> is no longer served by node <#8>
338,ClusterFileSystem: ServerFileSystem domain <#7> is no longer served by node <#8>
339,ClusterFileSystem: ServerFileSystem domain <#7> is no longer served by node <#8>
340,ClusterFileSystem: ServerFileSystem domain <#7> is no longer served by node <#8>
341,ClusterFileSystem: ServerFileSystem domain <#7> is no longer served by node <#8>
342,ClusterFileSystem: ServerFileSystem domain <#7> is no longer served by node <#8>
343,ClusterFileSystem: ServerFileSystem domain <#7> is no longer served by node <#8>
344,ClusterFileSystem: ServerFileSystem domain <#7> is no longer served by node <#8>
345,ClusterFileSystem: ServerFileSystem domain <#7> is no longer served by node <#8>
346,ClusterFileSystem: ServerFileSystem domain <#7> is no longer served by node <#8>
347,ClusterFileSystem: ServerFileSystem domain <#7> is no longer served by node <#8>
348,ClusterFileSystem: ServerFileSystem domain <#7> is no longer served by node <#8>
349,ClusterFileSystem: ServerFileSystem domain <#7> is no longer served by node <#8>
350,ClusterFileSystem: ServerFileSystem domain <#7> is no longer served by node <#8>
351,ClusterFileSystem: ServerFileSystem domain <#7> is no longer served by node <#8>
352,ClusterFileSystem: ServerFileSystem domain <#7> is no longer served by node <#8>
353,ClusterFileSystem: ServerFileSystem domain <#7> is no longer served by node <#8>
354,ClusterFileSystem: ServerFileSystem domain <#7> is no longer served by node <#8>
355,ClusterFileSystem: ServerFileSystem domain <#7> is no longer served by node <#8>
356,ClusterFileSystem: ServerFileSystem domain <#7> is no longer served by node <#8>
357,ClusterFileSystem: ServerFileSystem domain <#7> is no longer served by node <#8>
358,ClusterFileSystem: ServerFileSystem domain <#7> is no longer served by node <#8>
359,ClusterFileSystem: ServerFileSystem domain <#7> is no longer served by node <#8>
360,ClusterFileSystem: ServerFileSystem domain <#7> is no longer served by node <#8>
361,ClusterFileSystem: ServerFileSystem domain <#7> is no longer served by node <#8>
362,ClusterFileSystem: ServerFileSystem domain <#7> is no longer served by node <#8>
363,ClusterFileSystem: ServerFileSystem domain <#7> is no longer served by node <#8>
364,ClusterFileSystem: ServerFileSystem domain <#7> is no longer served by node <#8>
365,ClusterFileSystem: ServerFileSystem domain <#7> is no longer served by node <#8>
366,ClusterFileSystem: ServerFileSystem domain <#7> is no longer served by node <#8>
367,ClusterFileSystem: ServerFileSystem domain <#7> is no longer served by node <#8>
368,ClusterFileSystem: ServerFileSystem domain <#7> is no longer served by node <#8>
369,ClusterFileSystem: ServerFileSystem domain <#7> is no longer served by node <#8>
370,running
371,running
372,running
373,running
374,running
375,running
376,running
377,blocked
378,blocked
379,running
380,running
381,not responding
382,not responding
383,configured out
384,running
385,running
386,running
387,not responding
388,not responding
389,running
390,not responding
391,not responding
392,configured out
393,not responding
394,running
395,running
396,running
397,running
398,not responding
399,not responding
400,not responding
401,inconsistent nodesets <#19> <#20> ok <#21> <#22> ok <#23> <#24> ok <#25> <#26> <ok>
402,running
403,running
404,running
405,running
406,running
407,running
408,running
409,configured out
410,running
411,active
412,configured out
413,running
414,running
415,configured out
416,configured out
417,configured out
418,running
419,configured out
420,not responding
421,running
422,running
423,configured out
424,not responding
425,running
426,configured out
427,not responding
428,inconsistent nodesets <#19> <#20> ok <#21> <#22> ok <#23> <#24> ok <#25> <#26> <ok>
429,configured out
430,not responding
431,running
432,configured out
433,configured out
434,configured out
435,not responding
436,configured out
437,configured out
438,running
439,running
440,running
441,configured out
442,configured out
443,not responding
444,not responding
445,configured out
446,running
447,configured out
448,configured out
449,running
450,not responding
451,active
452,running
453,running
454,configured out
455,running
456,configured out
457,running
458,running
459,blocked
460,not responding
461,not responding
462,running
463,not responding
464,not responding
465,not responding
466,running
467,running
468,running
469,not responding
470,running
471,running
472,configured out
473,configured out
474,running
475,running
476,not responding
477,running
478,running
479,not responding
480,configured out
481,configured out
482,configured out
483,configured out
484,configured out
485,not responding
486,not responding
487,not responding
488,running
489,running
490,configured out
491,configured out
492,configured out
493,configured out
494,running
495,running
496,configured out
497,running
498,not responding
499,not responding
500,not responding
501,running
502,running
503,configured out
504,not responding
505,running
506,not responding
507,running
508,configured out
509,running
510,running
511,not responding
512,not responding
513,configured out
514,configured out
515,running
516,running
517,running
518,configured out
519,running
520,running
521,configured out
522,configured out
523,configured out
524,running
525,running
526,running
527,blocked
528,blocked
529,not responding
530,running
531,running
532,configured out
533,running
534,running
535,running
536,running
537,running
538,configured out
539,configured out
540,not-responding
541,running
542,running
543,active
544,running
545,running
546,running
547,running
548,running
549,running
550,not responding
551,configured out
552,configured out
553,not responding
554,running
555,running
556,configured out
557,configured out
558,running
559,running
560,running
561,configured out
562,inconsistent nodesets <#19> <#20> ok <#21> <#22> ok <#23> <#24> ok <#25> <#26> <ok>
563,configured out
564,blocked
565,configured out
566,running
567,running
568,running
569,configured out
570,not responding
571,configured out
572,not responding
573,running
574,active
575,not responding
576,configured out
577,configured out
578,running
579,running
580,configured out
581,not responding
582,running
583,configured out
584,blocked
585,running
586,configured out
587,not responding
588,configured out
589,configured out
590,configured out
591,configured out
592,running
593,configured out
594,configured out
595,running
596,running
597,running
598,running
599,running
600,configured out
601,configured out
602,running
603,blocked
604,configured out
605,running
606,running
607,running
608,running
609,blocked
610,configured out
611,running
612,not responding
613,running
614,running
615,running
616,running
617,configured out
618,configured out
619,not responding
620,running
621,running
622,running
623,not responding
624,running
625,running
626,not responding
627,starting
628,configured out
629,configured out
630,configured out
631,configured out
632,running
633,configured out
634,not responding
635,not responding
636,configured out
637,running
638,running
639,configured out
640,not responding
641,running
642,configured out
643,running
644,configured out
645,blocked
646,running
647,running
648,running
649,running
650,blocked
651,running
652,running
653,running
654,configured out
655,closing
656,running
657,running
658,running
659,running
660,running
661,running
662,running
663,running
664,running
665,running
666,running
667,configured out
668,not responding
669,not responding
670,blocked
671,running
672,not responding
673,running
674,active
675,not responding
676,configured out
677,not responding
678,running
679,running
680,blocked
681,running
682,not responding
683,not responding
684,running
685,running
686,blocked
687,not responding
688,configured out
689,configured out
690,running
691,running
692,running
693,configured out
694,configured out
695,configured out
696,running
697,running
698,running
699,inconsistent nodesets <#19> <#20> ok <#21> <#22> ok <#23> <#24> ok <#25> <#26> <ok>
700,configured out
701,running
702,blocked
703,running
704,not responding
705,configured out
706,running
707,running
708,running
709,running
710,normal
711,normal
712,warning
713,normal
714,normal
715,warning
716,NIFF: node <#15> detected a failed network connection on network <#16> via interface <#17>
717,normal
718,NIFF: node <#15> detected a failed network connection on network <#16> via interface <#17>
719,normal
720,normal
721,critical
722,normal
723,normal
724,critical
725,normal
726,NIFF: node <#15> detected a failed network connection on network <#16> via interface <#17>
727,normal
728,normal
729,NIFF: node <#15> detected a failed network connection on network <#16> via interface <#17>
730,NIFF: node <#15> detected a failed network connection on network <#16> via interface <#17>
731,normal
732,NIFF: node <#15> detected a failed network connection on network <#16> via interface <#17>
733,NIFF: node <#15> detected a failed network connection on network <#16> via interface <#17>
734,warning
735,critical
736,normal
737,NIFF: node <#15> detected a failed network connection on network <#16> via interface <#17>
738,NIFF: node <#15> detected a failed network connection on network <#16> via interface <#17>
739,normal
740,NIFF: node <#15> detected a failed network connection on network <#16> via interface <#17>
741,NIFF: node <#15> detected a failed network connection on network <#16> via interface <#17>
742,NIFF: node <#15> detected a failed network connection on network <#16> via interface <#17>
743,NIFF: node <#15> detected a failed network connection on network <#16> via interface <#17>
744,normal
745,warning
746,warning
747,warning
748,NIFF: node <#15> detected a failed network connection on network <#16> via interface <#17>
749,warning
750,normal
751,NIFF: node <#15> detected a failed network connection on network <#16> via interface <#17>
752,NIFF: node <#15> detected a failed network connection on network <#16> via interface <#17>
753,normal
754,NIFF: node <#15> detected a failed network connection on network <#16> via interface <#17>
755,warning
756,warning
757,normal
758,warning
759,normal
760,NIFF: node <#15> detected a failed network connection on network <#16> via interface <#17>
761,warning
762,NIFF: node <#15> detected a failed network connection on network <#16> via interface <#17>
763,NIFF: node <#15> detected a failed network connection on network <#16> via interface <#17>
764,normal
765,warning
766,normal
767,NIFF: node <#15> detected a failed network connection on network <#16> via interface <#17>
768,warning
769,warning
770,warning
771,NIFF: node <#15> detected a failed network connection on network <#16> via interface <#17>
772,NIFF: node <#15> detected a failed network connection on network <#16> via interface <#17>
773,NIFF: node <#15> detected a failed network connection on network <#16> via interface <#17>
774,warning
775,warning
776,normal
777,warning
778,normal
779,normal
780,normal
781,normal
782,warning
783,warning
784,normal
785,warning
786,normal
787,normal
788,normal
789,NIFF: node <#15> detected a failed network connection on network <#16> via interface <#17>
790,warning
791,warning
792,normal
793,warning
794,normal
795,warning
796,NIFF: node <#15> detected a failed network connection on network <#16> via interface <#17>
797,normal
798,warning
799,warning
800,warning
801,NIFF: node <#15> detected a failed network connection on network <#16> via interface <#17>
802,normal
803,NIFF: node <#15> detected a failed network connection on network <#16> via interface <#17>
804,warning
805,warning
806,warning
807,warning
808,NIFF: node <#15> detected a failed network connection on network <#16> via interface <#17>
809,NIFF: node <#15> detected a failed network connection on network <#16> via interface <#17>
810,NIFF: node <#15> detected a failed network connection on network <#16> via interface <#17>
811,NIFF: node <#15> detected a failed network connection on network <#16> via interface <#17>
812,NIFF: node <#15> detected a failed network connection on network <#16> via interface <#17>
813,NIFF: node <#15> detected a failed network connection on network <#16> via interface <#17>
814,NIFF: node <#15> detected a failed network connection on network <#16> via interface <#17>
815,warning
816,normal
817,NIFF: node <#15> detected a failed network connection on network <#16> via interface <#17>
818,normal
819,warning
820,normal
821,NIFF: node <#15> detected a failed network connection on network <#16> via interface <#17>
822,normal
823,NIFF: node <#15> detected a failed network connection on network <#16> via interface <#17>
824,warning
825,critical
826,NIFF: node <#15> detected a failed network connection on network <#16> via interface <#17>
827,NIFF: node <#15> detected a failed network connection on network <#16> via interface <#17>
828,NIFF: node <#15> detected a failed network connection on network <#16> via interface <#17>
829,warning
830,NIFF: node <#15> detected a failed network connection on network <#16> via interface <#17>
831,NIFF: node <#15> detected a failed network connection on network <#16> via interface <#17>
832,NIFF: node <#15> detected a failed network connection on network <#16> via interface <#17>
833,normal
834,NIFF: node <#15> detected a failed network connection on network <#16> via interface <#17>
835,NIFF: node <#15> detected a failed network connection on network <#16> via interface <#17>
836,NIFF: node <#15> detected a failed network connection on network <#16> via interface <#17>
837,warning
838,warning
839,normal
840,normal
841,warning
842,NIFF: node <#15> detected a failed network connection on network <#16> via interface <#17>
843,NIFF: node <#15> detected a failed network connection on network <#16> via interface <#17>
844,NIFF: node <#15> detected a failed network connection on network <#16> via interface <#17>
845,NIFF: node <#15> detected a failed network connection on network <#16> via interface <#17>
846,NIFF: node <#15> detected a failed network connection on network <#16> via interface <#17>
847,warning
848,NIFF: node <#15> detected a failed network connection on network <#16> via interface <#17>
849,normal
850,warning
851,normal
852,normal
853,normal
854,normal
855,NIFF: node <#15> detected a failed network connection on network <#16> via interface <#17>
856,normal
857,NIFF: node <#15> detected a failed network connection on network <#16> via interface <#17>
858,warning
859,normal
860,warning
861,warning
862,warning
863,warning
864,NIFF: node <#15> detected a failed network connection on network <#16> via interface <#17>
865,warning
866,normal
867,warning
868,warning
869,normal
870,normal
871,warning
872,normal
873,warning
874,normal
875,normal
876,normal
877,warning
878,warning
879,normal
880,normal
881,warning
882,warning
883,warning
884,warning
885,NIFF: node <#15> detected a failed network connection on network <#16> via interface <#17>
886,normal
887,normal
888,NIFF: node <#15> detected a failed network connection on network <#16> via interface <#17>
889,NIFF: node <#15> detected a failed network connection on network <#16> via interface <#17>
890,NIFF: node <#15> detected a failed network connection on network <#16> via interface <#17>
891,NIFF: node <#15> detected a failed network connection on network <#16> via interface <#17>
892,normal
893,NIFF: node <#15> detected a failed network connection on network <#16> via interface <#17>
894,warning
895,normal
896,normal
897,NIFF: node <#15> detected a failed network connection on network <#16> via interface <#17>
898,normal
899,warning
900,NIFF: node <#15> detected a failed network connection on network <#16> via interface <#17>
901,warning
902,normal
903,normal
904,normal
905,warning
906,NIFF: node <#15> detected a failed network connection on network <#16> via interface <#17>
907,warning
908,warning
909,normal
910,warning
911,NIFF: node <#15> detected a failed network connection on network <#16> via interface <#17>
912,NIFF: node <#15> detected a failed network connection on network <#16> via interface <#17>
913,normal
914,NIFF: node <#15> detected a failed network connection on network <#16> via interface <#17>
915,NIFF: node <#15> detected a failed network connection on network <#16> via interface <#17>
916,NIFF: node <#15> detected a failed network connection on network <#16> via interface <#17>
917,warning
918,NIFF: node <#15> detected a failed network connection on network <#16> via interface <#17>
919,normal
920,NIFF: node <#15> detected a failed network connection on network <#16> via interface <#17>
921,NIFF: node <#15> detected a failed network connection on network <#16> via interface <#17>
922,NIFF: node <#15> detected a failed network connection on network <#16> via interface <#17>
923,NIFF: node <#15> detected a failed network connection on network <#16> via interface <#17>
924,NIFF: node <#15> detected a failed network connection on network <#16> via interface <#17>
925,NIFF: node <#15> detected a failed network connection on network <#16> via interface <#17>
926,normal
927,NIFF: node <#15> detected a failed network connection on network <#16> via interface <#17>
928,normal
929,NIFF: node <#15> detected a failed network connection on network <#16> via interface <#17>
930,NIFF: node <#15> detected a failed network connection on network <#16> via interface <#17>
931,NIFF: node <#15> detected a failed network connection on network <#16> via interface <#17>
932,critical
933,normal
934,NIFF: node <#15> detected a failed network connection on network <#16> via interface <#17>
935,normal
936,NIFF: node <#15> detected a failed network connection on network <#16> via interface <#17>
937,normal
938,NIFF: node <#15> detected a failed network connection on network <#16> via interface <#17>
939,normal
940,warning
941,normal
942,warning
943,normal
944,NIFF: node <#15> detected a failed network connection on network <#16> via interface <#17>
945,NIFF: node <#15> detected a failed network connection on network <#16> via interface <#17>
946,NIFF: node <#15> detected a failed network connection on network <#16> via interface <#17>
947,NIFF: node <#15> detected a failed network connection on network <#16> via interface <#17>
948,normal
949,warning
950,warning
951,NIFF: node <#15> detected a failed network connection on network <#16> via interface <#17>
952,NIFF: node <#15> detected a failed network connection on network <#16> via interface <#17>
953,warning
954,normal
955,NIFF: node <#15> detected a failed network connection on network <#16> via interface <#17>
956,normal
957,NIFF: node <#15> detected a failed network connection on network <#16> via interface <#17>
958,NIFF: node <#15> detected a failed network connection on network <#16> via interface <#17>
959,warning
960,warning
961,warning
962,warning
963,warning
964,normal
965,warning
966,NIFF: node <#15> detected a failed network connection on network <#16> via interface <#17>
967,NIFF: node <#15> detected a failed network connection on network <#16> via interface <#17>
968,NIFF: node <#15> detected a failed network connection on network <#16> via interface <#17>
969,normal
970,warning
971,normal
972,warning
973,warning
974,normal
975,warning
976,normal
977,warning
978,warning
979,normal
980,warning
981,normal
982,NIFF: node <#15> detected a failed network connection on network <#16> via interface <#17>
983,normal
984,NIFF: node <#15> detected a failed network connection on network <#16> via interface <#17>
985,NIFF: node <#15> detected a failed network connection on network <#16> via interface <#17>
986,warning
987,NIFF: node <#15> detected a failed network connection on network <#16> via interface <#17>
988,NIFF: node <#15> detected a failed network connection on network <#16> via interface <#17>
989,NIFF: node <#15> detected a failed network connection on network <#16> via interface <#17>
990,normal
991,NIFF: node <#15> detected a failed network connection on network <#16> via interface <#17>
992,normal
993,normal
994,warning
995,warning
996,normal
997,normal
998,normal
999,warning
1000,warning
1001,warning
1002,warning
1003,normal
1004,warning
1005,normal
1006,warning
1007,NIFF: node <#15> detected a failed network connection on network <#16> via interface <#17>
1008,normal
1009,normal
1010,warning
1011,normal
1012,normal
1013,warning
1014,warning
1015,warning
1016,warning
1017,normal
1018,normal
1019,normal
1020,normal
1021,NIFF: node <#15> detected a failed network connection on network <#16> via interface <#17>
1022,normal
1023,normal
1024,normal
1025,normal
1026,normal
1027,warning
1028,critical
1029,warning
1030,warning
1031,warning
1032,warning
1033,NIFF: node <#15> detected a failed network connection on network <#16> via interface <#17>
1034,warning
1035,normal
1036,NIFF: node <#15> detected a failed network connection on network <#16> via interface <#17>
1037,normal
1038,normal
1039,normal
1040,warning
1041,normal
1042,NIFF: node <#15> detected a failed network connection on network <#16> via interface <#17>
1043,warning
1044,normal
1045,warning
1046,normal
1047,normal
1048,NIFF: node <#15> detected a failed network connection on network <#16> via interface <#17>
1049,normal
1050,normal
1051,warning
1052,warning
1053,warning
1054,warning
1055,normal
1056,warning
1057,NIFF: node <#15> detected a failed network connection on network <#16> via interface <#17>
1058,NIFF: node <#15> detected a failed network connection on network <#16> via interface <#17>
1059,NIFF: node <#15> detected a failed network connection on network <#16> via interface <#17>
1060,NIFF: node <#15> detected a failed network connection on network <#16> via interface <#17>
1061,NIFF: node <#15> detected a failed network connection on network <#16> via interface <#17>
1062,critical
1063,warning
1064,warning
1065,normal
1066,warning
1067,warning
1068,warning
1069,NIFF: node <#15> detected a failed network connection on network <#16> via interface <#17>
1070,normal
1071,NIFF: node <#15> detected a failed network connection on network <#16> via interface <#17>
1072,normal
1073,normal
1074,normal
1075,warning
1076,NIFF: node <#15> detected a failed network connection on network <#16> via interface <#17>
1077,warning
1078,NIFF: node <#15> detected a failed network connection on network <#16> via interface <#17>
1079,normal
1080,warning
1081,warning
1082,warning
1083,normal
1084,critical
1085,warning
1086,warning
1087,warning
1088,critical
1089,NIFF: node <#15> detected a failed network connection on network <#16> via interface <#17>
1090,warning
1091,NIFF: node <#15> detected a failed network connection on network <#16> via interface <#17>
1092,normal
1093,warning
1094,NIFF: node <#15> detected a failed network connection on network <#16> via interface <#17>
1095,normal
1096,warning
1097,normal
1098,NIFF: node <#15> detected a failed network connection on network <#16> via interface <#17>
1099,normal
1100,NIFF: node <#15> detected a failed network connection on network <#16> via interface <#17>
1101,NIFF: node <#15> detected a failed network connection on network <#16> via interface <#17>
1102,normal
1103,NIFF: node <#15> detected a failed network connection on network <#16> via interface <#17>
1104,NIFF: node <#15> detected a failed network connection on network <#16> via interface <#17>
1105,NIFF: node <#15> detected a failed network connection on network <#16> via interface <#17>
1106,warning
1107,NIFF: node <#15> detected a failed network connection on network <#16> via interface <#17>
1108,NIFF: node <#15> detected a failed network connection on network <#16> via interface <#17>
1109,critical
1110,normal
1111,NIFF: node <#15> detected a failed network connection on network <#16> via interface <#17>
1112,NIFF: node <#15> detected a failed network connection on network <#16> via interface <#17>
1113,NIFF: node <#15> detected a failed network connection on network <#16> via interface <#17>
1114,NIFF: node <#15> detected a failed network connection on network <#16> via interface <#17>
1115,NIFF: node <#15> detected a failed network connection on network <#16> via interface <#17>
1116,NIFF: node <#15> detected a failed network connection on network <#16> via interface <#17>
1117,NIFF: node <#15> detected a failed network connection on network <#16> via interface <#17>
1118,NIFF: node <#15> detected a failed network connection on network <#16> via interface <#17>
1119,NIFF: node <#15> detected a failed network connection on network <#16> via interface <#17>
1120,warning
1121,critical
1122,normal
1123,warning
1124,normal
1125,warning
1126,normal
1127,normal
1128,normal
1129,normal
1130,warning
1131,normal
1132,normal
1133,normal
1134,normal
1135,warning
1136,normal
1137,normal
1138,normal
1139,warning
1140,normal
1141,warning
1142,critical
1143,normal
1144,warning
1145,warning
1146,warning
1147,critical
1148,warning
1149,normal
1150,warning
1151,NIFF: node <#15> detected a failed network connection on network <#16> via interface <#17>
1152,warning
1153,warning
1154,warning
1155,NIFF: node <#15> detected a failed network connection on network <#16> via interface <#17>
1156,NIFF: node <#15> detected a failed network connection on network <#16> via interface <#17>
1157,NIFF: node <#15> detected a failed network connection on network <#16> via interface <#17>
1158,NIFF: node <#15> detected a failed network connection on network <#16> via interface <#17>
1159,NIFF: node <#15> detected a failed network connection on network <#16> via interface <#17>
1160,NIFF: node <#15> detected a failed network connection on network <#16> via interface <#17>
1161,warning
1162,critical
1163,NIFF: node <#15> detected a failed network connection on network <#16> via interface <#17>
1164,normal
1165,warning
1166,NIFF: node <#15> detected a failed network connection on network <#16> via interface <#17>
1167,warning
1168,warning
1169,warning
1170,warning
1171,normal
1172,NIFF: node <#15> detected a failed network connection on network <#16> via interface <#17>
1173,normal
1174,normal
1175,NIFF: node <#15> detected a failed network connection on network <#16> via interface <#17>
1176,NIFF: node <#15> detected a failed network connection on network <#16> via interface <#17>
1177,NIFF: node <#15> detected a failed network connection on network <#16> via interface <#17>
1178,NIFF: node <#15> detected a failed network connection on network <#16> via interface <#17>
1179,warning
1180,warning
1181,warning
1182,warning
1183,normal
1184,warning
1185,NIFF: node <#15> detected a failed network connection on network <#16> via interface <#17>
1186,warning
1187,NIFF: node <#15> detected a failed network connection on network <#16> via interface <#17>
1188,NIFF: node <#15> detected a failed network connection on network <#16> via interface <#17>
1189,NIFF: node <#15> detected a failed network connection on network <#16> via interface <#17>
1190,NIFF: node <#15> detected a failed network connection on network <#16> via interface <#17>
1191,warning
1192,normal
1193,warning
1194,normal
1195,normal
1196,warning
1197,warning
1198,warning
1199,warning
1200,normal
1201,warning
1202,warning
1203,normal
1204,normal
1205,NIFF: node <#15> detected a failed network connection on network <#16> via interface <#17>
1206,normal
1207,NIFF: node <#15> detected a failed network connection on network <#16> via interface <#17>
1208,NIFF: node <#15> detected a failed network connection on network <#16> via interface <#17>
1209,NIFF: node <#15> detected a failed network connection on network <#16> via interface <#17>
1210,NIFF: node <#15> detected a failed network connection on network <#16> via interface <#17>
1211,normal
1212,warning
1213,normal
1214,warning
1215,warning
1216,warning
1217,NIFF: node <#15> detected a failed network connection on network <#16> via interface <#17>
1218,normal
1219,NIFF: node <#15> detected a failed network connection on network <#16> via interface <#17>
1220,NIFF: node <#15> detected a failed network connection on network <#16> via interface <#17>
1221,normal
1222,warning
1223,warning
1224,warning
1225,NIFF: node <#15> detected a failed network connection on network <#16> via interface <#17>
1226,NIFF: node <#15> detected a failed network connection on network <#16> via interface <#17>
1227,warning
1228,NIFF: node <#15> detected a failed network connection on network <#16> via interface <#17>
1229,normal
1230,NIFF: node <#15> detected a failed network connection on network <#16> via interface <#17>
1231,NIFF: node <#15> detected a failed network connection on network <#16> via interface <#17>
1232,warning
1233,NIFF: node <#15> detected a failed network connection on network <#16> via interface <#17>
1234,NIFF: node <#15> detected a failed network connection on network <#16> via interface <#17>
1235,NIFF: node <#15> detected a failed network connection on network <#16> via interface <#17>
1236,NIFF: node <#15> detected a failed network connection on network <#16> via interface <#17>
1237,NIFF: node <#15> detected a failed network connection on network <#16> via interface <#17>
1238,NIFF: node <#15> detected a failed network connection on network <#16> via interface <#17>
1239,NIFF: node <#15> detected a failed network connection on network <#16> via interface <#17>
1240,NIFF: node <#15> detected a failed network connection on network <#16> via interface <#17>
1241,NIFF: node <#15> detected a failed network connection on network <#16> via interface <#17>
1242,warning
1243,NIFF: node <#15> detected a failed network connection on network <#16> via interface <#17>
1244,NIFF: node <#15> detected a failed network connection on network <#16> via interface <#17>
1245,warning
1246,warning
1247,NIFF: node <#15> detected a failed network connection on network <#16> via interface <#17>
1248,NIFF: node <#15> detected a failed network connection on network <#16> via interface <#17>
1249,normal
1250,normal
1251,NIFF: node <#15> detected a failed network connection on network <#16> via interface <#17>
1252,NIFF: node <#15> detected a failed network connection on network <#16> via interface <#17>
1253,NIFF: node <#15> detected a failed network connection on network <#16> via interface <#17>
1254,NIFF: node <#15> detected a failed network connection on network <#16> via interface <#17>
1255,warning
1256,NIFF: node <#15> detected a failed network connection on network <#16> via interface <#17>
1257,warning
1258,NIFF: node <#15> detected a failed network connection on network <#16> via interface <#17>
1259,normal
1260,NIFF: node <#15> detected a failed network connection on network <#16> via interface <#17>
1261,NIFF: node <#15> detected a failed network connection on network <#16> via interface <#17>
1262,warning
1263,NIFF: node <#15> detected a failed network connection on network <#16> via interface <#17>
1264,normal
1265,normal
1266,warning
1267,NIFF: node <#15> detected a failed network connection on network <#16> via interface <#17>
1268,warning
1269,normal
1270,NIFF: node <#15> detected a failed network connection on network <#16> via interface <#17>
1271,NIFF: node <#15> detected a failed network connection on network <#16> via interface <#17>
1272,NIFF: node <#15> detected a failed network connection on network <#16> via interface <#17>
1273,normal
1274,NIFF: node <#15> detected a failed network connection on network <#16> via interface <#17>
1275,NIFF: node <#15> detected a failed network connection on network <#16> via interface <#17>
1276,NIFF: node <#15> detected a failed network connection on network <#16> via interface <#17>
1277,normal
1278,NIFF: node <#15> detected a failed network connection on network <#16> via interface <#17>
1279,warning
1280,normal
1281,NIFF: node <#15> detected a failed network connection on network <#16> via interface <#17>
1282,normal
1283,normal
1284,NIFF: node <#15> detected a failed network connection on network <#16> via interface <#17>
1285,NIFF: node <#15> detected a failed network connection on network <#16> via interface <#17>
1286,warning
1287,NIFF: node <#15> detected a failed network connection on network <#16> via interface <#17>
1288,NIFF: node <#15> detected a failed network connection on network <#16> via interface <#17>
1289,NIFF: node <#15> detected a failed network connection on network <#16> via interface <#17>
1290,normal
1291,NIFF: node <#15> detected a failed network connection on network <#16> via interface <#17>
1292,NIFF: node <#15> detected a failed network connection on network <#16> via interface <#17>
1293,warning
1294,warning
1295,NIFF: node <#15> detected a failed network connection on network <#16> via interface <#17>
1296,NIFF: node <#15> detected a failed network connection on network <#16> via interface <#17>
1297,warning
1298,NIFF: node <#15> detected a failed network connection on network <#16> via interface <#17>
1299,normal
1300,NIFF: node <#15> detected a failed network connection on network <#16> via interface <#17>
1301,NIFF: node <#15> detected a failed network connection on network <#16> via interface <#17>
1302,NIFF: node <#15> detected a failed network connection on network <#16> via interface <#17>
1303,NIFF: node <#15> detected a failed network connection on network <#16> via interface <#17>
1304,normal
1305,NIFF: node <#15> detected a failed network connection on network <#16> via interface <#17>
1306,warning
1307,NIFF: node <#15> detected a failed network connection on network <#16> via interface <#17>
1308,NIFF: node <#15> detected a failed network connection on network <#16> via interface <#17>
1309,NIFF: node <#15> detected a failed network connection on network <#16> via interface <#17>
1310,NIFF: node <#15> detected a failed network connection on network <#16> via interface <#17>
1311,warning
1312,NIFF: node <#15> detected a failed network connection on network <#16> via interface <#17>
1313,NIFF: node <#15> detected a failed network connection on network <#16> via interface <#17>
1314,warning
1315,normal
1316,normal
1317,warning
1318,NIFF: node <#15> detected a failed network connection on network <#16> via interface <#17>
1319,NIFF: node <#15> detected a failed network connection on network <#16> via interface <#17>
1320,NIFF: node <#15> detected a failed network connection on network <#16> via interface <#17>
1321,NIFF: node <#15> detected a failed network connection on network <#16> via interface <#17>
1322,NIFF: node <#15> detected a failed network connection on network <#16> via interface <#17>
1323,warning
1324,NIFF: node <#15> detected a failed network connection on network <#16> via interface <#17>
1325,NIFF: node <#15> detected a failed network connection on network <#16> via interface <#17>
1326,NIFF: node <#15> detected a failed network connection on network <#16> via interface <#17>
1327,NIFF: node <#15> detected a failed network connection on network <#16> via interface <#17>
1328,NIFF: node <#15> detected a failed network connection on network <#16> via interface <#17>
1329,NIFF: node <#15> detected a failed network connection on network <#16> via interface <#17>
1330,normal
1331,normal
1332,normal
1333,warning
1334,NIFF: node <#15> detected a failed network connection on network <#16> via interface <#17>
1335,normal
1336,normal
1337,NIFF: node <#15> detected a failed network connection on network <#16> via interface <#17>
1338,NIFF: node <#15> detected a failed network connection on network <#16> via interface <#17>
1339,warning
1340,NIFF: node <#15> detected a failed network connection on network <#16> via interface <#17>
1341,NIFF: node <#15> detected a failed network connection on network <#16> via interface <#17>
1342,NIFF: node <#15> detected a failed network connection on network <#16> via interface <#17>
1343,NIFF: node <#15> detected a failed network connection on network <#16> via interface <#17>
1344,NIFF: node <#15> detected a failed network connection on network <#16> via interface <#17>
1345,warning
1346,normal
1347,NIFF: node <#15> detected a failed network connection on network <#16> via interface <#17>
1348,normal
1349,NIFF: node <#15> detected a failed network connection on network <#16> via interface <#17>
1350,NIFF: node <#15> detected a failed network connection on network <#16> via interface <#17>
1351,NIFF: node <#15> detected a failed network connection on network <#16> via interface <#17>
1352,NIFF: node <#15> detected a failed network connection on network <#16> via interface <#17>
1353,NIFF: node <#15> detected a failed network connection on network <#16> via interface <#17>
1354,NIFF: node <#15> detected a failed network connection on network <#16> via interface <#17>
1355,NIFF: node <#15> detected a failed network connection on network <#16> via interface <#17>
1356,NIFF: node <#15> detected a failed network connection on network <#16> via interface <#17>
1357,NIFF: node <#15> detected a failed network connection on network <#16> via interface <#17>
1358,critical
1359,NIFF: node <#15> detected a failed network connection on network <#16> via interface <#17>
1360,NIFF: node <#15> detected a failed network connection on network <#16> via interface <#17>
1361,NIFF: node <#15> detected a failed network connection on network <#16> via interface <#17>
1362,NIFF: node <#15> detected a failed network connection on network <#16> via interface <#17>
1363,NIFF: node <#15> detected a failed network connection on network <#16> via interface <#17>
1364,NIFF: node <#15> detected a failed network connection on network <#16> via interface <#17>
1365,NIFF: node <#15> detected a failed network connection on network <#16> via interface <#17>
1366,NIFF: node <#15> detected a failed network connection on network <#16> via interface <#17>
1367,NIFF: node <#15> detected a failed network connection on network <#16> via interface <#17>
1368,critical
1369,NIFF: node <#15> detected a failed network connection on network <#16> via interface <#17>
1370,normal
1371,NIFF: node <#15> detected a failed network connection on network <#16> via interface <#17>
1372,normal
1373,NIFF: node <#15> detected a failed network connection on network <#16> via interface <#17>
1374,NIFF: node <#15> detected a failed network connection on network <#16> via interface <#17>
1375,NIFF: node <#15> detected a failed network connection on network <#16> via interface <#17>
1376,NIFF: node <#15> detected a failed network connection on network <#16> via interface <#17>
1377,NIFF: node <#15> detected a failed network connection on network <#16> via interface <#17>
1378,NIFF: node <#15> detected a failed network connection on network <#16> via interface <#17>
1379,NIFF: node <#15> detected a failed network connection on network <#16> via interface <#17>
1380,normal
1381,NIFF: node <#15> detected a failed network connection on network <#16> via interface <#17>
1382,normal
1383,NIFF: node <#15> detected a failed network connection on network <#16> via interface <#17>
1384,NIFF: node <#15> detected a failed network connection on network <#16> via interface <#17>
1385,warning
1386,critical
1387,normal
1388,normal
1389,NIFF: node <#15> detected a failed network connection on network <#16> via interface <#17>
1390,warning
1391,normal
1392,NIFF: node <#15> detected a failed network connection on network <#16> via interface <#17>
1393,NIFF: node <#15> detected a failed network connection on network <#16> via interface <#17>
1394,normal
1395,NIFF: node <#15> detected a failed network connection on network <#16> via interface <#17>
1396,NIFF: node <#15> detected a failed network connection on network <#16> via interface <#17>
1397,NIFF: node <#15> detected a failed network connection on network <#16> via interface <#17>
1398,NIFF: node <#15> detected a failed network connection on network <#16> via interface <#17>
1399,NIFF: node <#15> detected a failed network connection on network <#16> via interface <#17>
1400,NIFF: node <#15> detected a failed network connection on network <#16> via interface <#17>
1401,warning
1402,normal
1403,NIFF: node <#15> detected a failed network connection on network <#16> via interface <#17>
1404,NIFF: node <#15> detected a failed network connection on network <#16> via interface <#17>
1405,NIFF: node <#15> detected a failed network connection on network <#16> via interface <#17>
1406,NIFF: node <#15> detected a failed network connection on network <#16> via interface <#17>
1407,critical
1408,normal
1409,NIFF: node <#15> detected a failed network connection on network <#16> via interface <#17>
1410,NIFF: node <#15> detected a failed network connection on network <#16> via interface <#17>
1411,NIFF: node <#15> detected a failed network connection on network <#16> via interface <#17>
1412,normal
1413,normal
1414,normal
1415,warning
1416,warning
1417,NIFF: node <#15> detected a failed network connection on network <#16> via interface <#17>
1418,normal
1419,critical
1420,warning
1421,warning
1422,normal
1423,warning
1424,normal
1425,warning
1426,NIFF: node <#15> detected a failed network connection on network <#16> via interface <#17>
1427,NIFF: node <#15> detected a failed network connection on network <#16> via interface <#17>
1428,NIFF: node <#15> detected a failed network connection on network <#16> via interface <#17>
1429,warning
1430,warning
1431,critical
1432,warning
1433,Link ok
1434,Link ok
1435,Link ok
1436,Link ok
1437,Link error
1438,Link error
1439,Link in reset
1440,Link ok
1441,Link ok
1442,Link in reset
1443,Link ok
1444,Link error
1445,Link ok
1446,Link ok
1447,Link ok
1448,Link error
1449,Link in reset
1450,Link ok
1451,Link ok
1452,Link in reset
1453,Link in reset
1454,Link in reset
1455,Link in reset
1456,Linkerror event interval expired
1457,Linkerror event interval expired
1458,risBoot (command <#1> Error: Timed out while waiting for SRM prompt: <ABORT code completed>
1459,Linkerror event interval expired
1460,Linkerror event interval expired
1461,Linkerror event interval expired
1462,Linkerror event interval expired
1463,Linkerror event interval expired
1464,Linkerror event interval expired
1465,Linkerror event interval expired
1466,Linkerror event interval expired
1467,Linkerror event interval expired
1468,Linkerror event interval expired
1469,Linkerror event interval expired
1470,Linkerror event interval expired
1471,Linkerror event interval expired
1472,Linkerror event interval expired
1473,Linkerror event interval expired
1474,Linkerror event interval expired
1475,Linkerror event interval expired
1476,Linkerror event interval expired
1477,Linkerror event interval expired
1478,Linkerror event interval expired
1479,Linkerror event interval expired
1480,Linkerror event interval expired
1481,Linkerror event interval expired
1482,Linkerror event interval expired
1483,Linkerror event interval expired
1484,Linkerror event interval expired
1485,Linkerror event interval expired
1486,Linkerror event interval expired
1487,Linkerror event interval expired
1488,Linkerror event interval expired
1489,Linkerror event interval expired
1490,Linkerror event interval expired
1491,Linkerror event interval expired
1492,Linkerror event interval expired
1493,Linkerror event interval expired
1494,Linkerror event interval expired
1495,Linkerror event interval expired
1496,Linkerror event interval expired
1497,Linkerror event interval expired
1498,Linkerror event interval expired
1499,Linkerror event interval expired
1500,Linkerror event interval expired
1501,Linkerror event interval expired
1502,Linkerror event interval expired
1503,Linkerror event interval expired
1504,Linkerror event interval expired
1505,Linkerror event interval expired
1506,Linkerror event interval expired
1507,Linkerror event interval expired
1508,Linkerror event interval expired
1509,Linkerror event interval expired
1510,Linkerror event interval expired
1511,Linkerror event interval expired
1512,Linkerror event interval expired
1513,Linkerror event interval expired
1514,Linkerror event interval expired
1515,Linkerror event interval expired
1516,Linkerror event interval expired
1517,Linkerror event interval expired
1518,Linkerror event interval expired
1519,Linkerror event interval expired
1520,Linkerror event interval expired
1521,Linkerror event interval expired
1522,Linkerror event interval expired
1523,Linkerror event interval expired
1524,Linkerror event interval expired
1525,Linkerror event interval expired
1526,Linkerror event interval expired
1527,Linkerror event interval expired
1528,Linkerror event interval expired
1529,Linkerror event interval expired
1530,Linkerror event interval expired
1531,Linkerror event interval expired
1532,Linkerror event interval expired
1533,Linkerror event interval expired
1534,Linkerror event interval expired
1535,Linkerror event interval expired
1536,Linkerror event interval expired
1537,Linkerror event interval expired
1538,Linkerror event interval expired
1539,Linkerror event interval expired
1540,Linkerror event interval expired
1541,boot (command <#1> Error: HALT asserted\ cannot continue
1542,Linkerror event interval expired
1543,Linkerror event interval expired
1544,Linkerror event interval expired
1545,Linkerror event interval expired
1546,Linkerror event interval expired
1547,Linkerror event interval expired
1548,Linkerror event interval expired
1549,Linkerror event interval expired
1550,Linkerror event interval expired
1551,Linkerror event interval expired
1552,Linkerror event interval expired
1553,Linkerror event interval expired
1554,Linkerror event interval expired
1555,Linkerror event interval expired
1556,Linkerror event interval expired
1557,Linkerror event interval expired
1558,Linkerror event interval expired
1559,Linkerror event interval expired
1560,Linkerror event interval expired
1561,Linkerror event interval expired
1562,Linkerror event interval expired
1563,Linkerror event interval expired
1564,Linkerror event interval expired
1565,Linkerror event interval expired
1566,Linkerror event interval expired
1567,Linkerror event interval expired
1568,Linkerror event interval expired
1569,Linkerror event interval expired
1570,Linkerror event interval expired
1571,Linkerror event interval expired
1572,Linkerror event interval expired
1573,Linkerror event interval expired
1574,Linkerror event interval expired
1575,Linkerror event interval expired
1576,Linkerror event interval expired
1577,Linkerror event interval expired
1578,Linkerror event interval expired
1579,Linkerror event interval expired
1580,Linkerror event interval expired
1581,Linkerror event interval expired
1582,Linkerror event interval expired
1583,Linkerror event interval expired
1584,Linkerror event interval expired
1585,Linkerror event interval expired
1586,Linkerror event interval expired
1587,Linkerror event interval expired
1588,Linkerror event interval expired
1589,Linkerror event interval expired
1590,Linkerror event interval expired
1591,Linkerror event interval expired
1592,Linkerror event interval expired
1593,Linkerror event interval expired
1594,Linkerror event interval expired
1595,Linkerror event interval expired
1596,Linkerror event interval expired
1597,Linkerror event interval expired
1598,Linkerror event interval expired
1599,Linkerror event interval expired
1600,Linkerror event interval expired
1601,Linkerror event interval expired
1602,Linkerror event interval expired
1603,Linkerror event interval expired
1604,Linkerror event interval expired
1605,Linkerror event interval expired
1606,Linkerror event interval expired
1607,Linkerror event interval expired
1608,Linkerror event interval expired
1609,Linkerror event interval expired
1610,Linkerror event interval expired
1611,Linkerror event interval expired
1612,Linkerror event interval expired
1613,Linkerror event interval expired
1614,Linkerror event interval expired
1615,Linkerror event interval expired
1616,Linkerror event interval expired
1617,Linkerror event interval expired
1618,Linkerror event interval expired
1619,Linkerror event interval expired
1620,Linkerror event interval expired
1621,Linkerror event interval expired
1622,Linkerror event interval expired
1623,Linkerror event interval expired
1624,Linkerror event interval expired
1625,Linkerror event interval expired
1626,Linkerror event interval expired
1627,Linkerror event interval expired
1628,Linkerror event interval expired
1629,Linkerror event interval expired
1630,Linkerror event interval expired
1631,Linkerror event interval expired
1632,Linkerror event interval expired
1633,Linkerror event interval expired
1634,Linkerror event interval expired
1635,Linkerror event interval expired
1636,Linkerror event interval expired
1637,Linkerror event interval expired
1638,Linkerror event interval expired
1639,Linkerror event interval expired
1640,Linkerror event interval expired
1641,Linkerror event interval expired
1642,Linkerror event interval expired
1643,Linkerror event interval expired
1644,Linkerror event interval expired
1645,Linkerror event interval expired
1646,Linkerror event interval expired
1647,Linkerror event interval expired
1648,Linkerror event interval expired
1649,Linkerror event interval expired
1650,Linkerror event interval expired
1651,Linkerror event interval expired
1652,Linkerror event interval expired
1653,Linkerror event interval expired
1654,Linkerror event interval expired
1655,Linkerror event interval expired
1656,Linkerror event interval expired
1657,Linkerror event interval expired
1658,Linkerror event interval expired
1659,Linkerror event interval expired
1660,Linkerror event interval expired
1661,Linkerror event interval expired
1662,Linkerror event interval expired
1663,Linkerror event interval expired
1664,Linkerror event interval expired
1665,Linkerror event interval expired
1666,Linkerror event interval expired
1667,Linkerror event interval expired
1668,Linkerror event interval expired
1669,Linkerror event interval expired
1670,Linkerror event interval expired
1671,Linkerror event interval expired
1672,Linkerror event interval expired
1673,Linkerror event interval expired
1674,Linkerror event interval expired
1675,Linkerror event interval expired
1676,Linkerror event interval expired
1677,Linkerror event interval expired
1678,Linkerror event interval expired
1679,Linkerror event interval expired
1680,Linkerror event interval expired
1681,Linkerror event interval expired
1682,Linkerror event interval expired
1683,Linkerror event interval expired
1684,Linkerror event interval expired
1685,Linkerror event interval expired
1686,Linkerror event interval expired
1687,Linkerror event interval expired
1688,Linkerror event interval expired
1689,Linkerror event interval expired
1690,Linkerror event interval expired
1691,Linkerror event interval expired
1692,Linkerror event interval expired
1693,Linkerror event interval expired
1694,Linkerror event interval expired
1695,Linkerror event interval expired
1696,Linkerror event interval expired
1697,Linkerror event interval expired
1698,Linkerror event interval expired
1699,Linkerror event interval expired
1700,Linkerror event interval expired
1701,Linkerror event interval expired
1702,Linkerror event interval expired
1703,Linkerror event interval expired
1704,Linkerror event interval expired
1705,Linkerror event interval expired
1706,Linkerror event interval expired
1707,Linkerror event interval expired
1708,Linkerror event interval expired
1709,Linkerror event interval expired
1710,Linkerror event interval expired
1711,Linkerror event interval expired
1712,Linkerror event interval expired
1713,Linkerror event interval expired
1714,Linkerror event interval expired
1715,Linkerror event interval expired
1716,Linkerror event interval expired
1717,Linkerror event interval expired
1718,Linkerror event interval expired
1719,Linkerror event interval expired
1720,Linkerror event interval expired
1721,Linkerror event interval expired
1722,Linkerror event interval expired
1723,Linkerror event interval expired
1724,Linkerror event interval expired
1725,Linkerror event interval expired
1726,Linkerror event interval expired
1727,Linkerror event interval expired
1728,Linkerror event interval expired
1729,Linkerror event interval expired
1730,Linkerror event interval expired
1731,Linkerror event interval expired
1732,Linkerror event interval expired
1733,Linkerror event interval expired
1734,Linkerror event interval expired
1735,Linkerror event interval expired
1736,Linkerror event interval expired
1737,Linkerror event interval expired
1738,Linkerror event interval expired
1739,Linkerror event interval expired
1740,Linkerror event interval expired
1741,Linkerror event interval expired
1742,Linkerror event interval expired
1743,Linkerror event interval expired
1744,Linkerror event interval expired
1745,Linkerror event interval expired
1746,Linkerror event interval expired
1747,Linkerror event interval expired
1748,Linkerror event interval expired
1749,Linkerror event interval expired
1750,Linkerror event interval expired
1751,Linkerror event interval expired
1752,Linkerror event interval expired
1753,Linkerror event interval expired
1754,Linkerror event interval expired
1755,Linkerror event interval expired
1756,Linkerror event interval expired
1757,Linkerror event interval expired
1758,Linkerror event interval expired
1759,Linkerror event interval expired
1760,Linkerror event interval expired
1761,Linkerror event interval expired
1762,Linkerror event interval expired
1763,Linkerror event interval expired
1764,Linkerror event interval expired
1765,Linkerror event interval expired
1766,Linkerror event interval expired
1767,Linkerror event interval expired
1768,Linkerror event interval expired
1769,Linkerror event interval expired
1770,Linkerror event interval expired
1771,Linkerror event interval expired
1772,Linkerror event interval expired
1773,Linkerror event interval expired
1774,Linkerror event interval expired
1775,Linkerror event interval expired
1776,Linkerror event interval expired
1777,Linkerror event interval expired
1778,Linkerror event interval expired
1779,Linkerror event interval expired
1780,Linkerror event interval expired
1781,Linkerror event interval expired
1782,Linkerror event interval expired
1783,Linkerror event interval expired
1784,Linkerror event interval expired
1785,Linkerror event interval expired
1786,Linkerror event interval expired
1787,Linkerror event interval expired
1788,Linkerror event interval expired
1789,Linkerror event interval expired
1790,Linkerror event interval expired
1791,Linkerror event interval expired
1792,Linkerror event interval expired
1793,Linkerror event interval expired
1794,Linkerror event interval expired
1795,Linkerror event interval expired
1796,Linkerror event interval expired
1797,Linkerror event interval expired
1798,Linkerror event interval expired
1799,Linkerror event interval expired
1800,Linkerror event interval expired
1801,Linkerror event interval expired
1802,Linkerror event interval expired
1803,Linkerror event interval expired
1804,Linkerror event interval expired
1805,Linkerror event interval expired
1806,Linkerror event interval expired
1807,Linkerror event interval expired
1808,Linkerror event interval expired
1809,Linkerror event interval expired
1810,Linkerror event interval expired
1811,Linkerror event interval expired
1812,Linkerror event interval expired
1813,Linkerror event interval expired
1814,Linkerror event interval expired
1815,Linkerror event interval expired
1816,Linkerror event interval expired
1817,Linkerror event interval expired
1818,Linkerror event interval expired
1819,Linkerror event interval expired
1820,Linkerror event interval expired
1821,Linkerror event interval expired
1822,Linkerror event interval expired
1823,Linkerror event interval expired
1824,Linkerror event interval expired
1825,Linkerror event interval expired
1826,Linkerror event interval expired
1827,Linkerror event interval expired
1828,Linkerror event interval expired
1829,Linkerror event interval expired
1830,Linkerror event interval expired
1831,Linkerror event interval expired
1832,Linkerror event interval expired
1833,Linkerror event interval expired
1834,Linkerror event interval expired
1835,Linkerror event interval expired
1836,Linkerror event interval expired
1837,Linkerror event interval expired
1838,Linkerror event interval expired
1839,Linkerror event interval expired
1840,Failed subcommands <#4>
1841,Linkerror event interval expired
1842,Linkerror event interval expired
1843,Linkerror event interval expired
1844,Linkerror event interval expired
1845,Linkerror event interval expired
1846,Linkerror event interval expired
1847,Linkerror event interval expired
1848,Linkerror event interval expired
1849,Linkerror event interval expired
1850,Linkerror event interval expired
1851,Linkerror event interval expired
1852,Linkerror event interval expired
1853,link errors remain current
1854,link errors remain current
1855,link errors remain current
1856,link errors remain current
1857,link errors remain current
1858,link errors remain current
1859,link errors remain current
1860,link errors remain current
1861,link errors remain current
1862,link errors remain current
1863,link errors remain current
1864,link errors remain current
1865,link errors remain current
1866,link errors remain current
1867,link errors remain current
1868,link errors remain current
1869,link errors remain current
1870,link errors remain current
1871,link errors remain current
1872,link errors remain current
1873,link errors remain current
1874,link errors remain current
1875,link errors remain current
1876,link errors remain current
1877,link errors remain current
1878,link errors remain current
1879,link errors remain current
1880,link errors remain current
1881,link errors remain current
1882,link errors remain current
1883,link errors remain current
1884,link errors remain current
1885,link errors remain current
1886,link errors remain current
1887,link errors remain current
1888,link errors remain current
1889,link errors remain current
1890,link errors remain current
1891,link errors remain current
1892,link errors remain current
1893,link errors remain current
1894,link errors remain current
1895,link errors remain current
1896,link errors remain current
1897,link errors remain current
1898,link errors remain current
1899,link errors remain current
1900,link errors remain current
1901,link errors remain current
1902,link errors remain current
1903,link errors remain current
1904,link errors remain current
1905,link errors remain current
1906,link errors remain current
1907,link errors remain current
1908,link errors remain current
1909,NIFF: node <#15> detected a failed network connection on network <#16> via interface <#17>
1910,NIFF: node <#15> detected a failed network connection on network <#16> via interface <#17>
1911,NIFF: node <#15> detected a failed network connection on network <#16> via interface <#17>
1912,NIFF: node <#15> detected a failed network connection on network <#16> via interface <#17>
1913,NIFF: node <#15> detected a failed network connection on network <#16> via interface <#17>
1914,NIFF: node <#15> detected a failed network connection on network <#16> via interface <#17>
1915,NIFF: node <#15> detected a failed network connection on network <#16> via interface <#17>
1916,NIFF: node <#15> detected a failed network connection on network <#16> via interface <#17>
1917,NIFF: node <#15> detected a failed network connection on network <#16> via interface <#17>
1918,NIFF: node <#15> detected a failed network connection on network <#16> via interface <#17>
1919,NIFF: node <#15> detected a failed network connection on network <#16> via interface <#17>
1920,NIFF: node <#15> detected a failed network connection on network <#16> via interface <#17>
1921,NIFF: node <#15> detected a failed network connection on network <#16> via interface <#17>
1922,NIFF: node <#15> detected a failed network connection on network <#16> via interface <#17>
1923,NIFF: node <#15> detected a failed network connection on network <#16> via interface <#17>
1924,NIFF: node <#15> detected a failed network connection on network <#16> via interface <#17>
1925,NIFF: node <#15> detected a failed network connection on network <#16> via interface <#17>
1926,NIFF: node <#15> detected a failed network connection on network <#16> via interface <#17>
1927,NIFF: node <#15> detected a failed network connection on network <#16> via interface <#17>
1928,NIFF: node <#15> detected a failed network connection on network <#16> via interface <#17>
1929,NIFF: node <#15> detected a failed network connection on network <#16> via interface <#17>
1930,NIFF: node <#15> detected a failed network connection on network <#16> via interface <#17>
1931,NIFF: node <#15> detected a failed network connection on network <#16> via interface <#17>
1932,NIFF: node <#15> detected a failed network connection on network <#16> via interface <#17>
1933,NIFF: node <#15> detected a failed network connection on network <#16> via interface <#17>
1934,NIFF: node <#15> detected a failed network connection on network <#16> via interface <#17>
1935,NIFF: node <#15> detected a failed network connection on network <#16> via interface <#17>
1936,NIFF: node <#15> detected a failed network connection on network <#16> via interface <#17>
1937,NIFF: node <#15> detected a failed network connection on network <#16> via interface <#17>
1938,NIFF: node <#15> detected a failed network connection on network <#16> via interface <#17>
1939,NIFF: node <#15> detected a failed network connection on network <#16> via interface <#17>
1940,NIFF: node <#15> detected a failed network connection on network <#16> via interface <#17>
1941,NIFF: node <#15> detected a failed network connection on network <#16> via interface <#17>
1942,NIFF: node <#15> detected a failed network connection on network <#16> via interface <#17>
1943,NIFF: node <#15> detected a failed network connection on network <#16> via interface <#17>
1944,NIFF: node <#15> detected a failed network connection on network <#16> via interface <#17>
1945,NIFF: node <#15> detected a failed network connection on network <#16> via interface <#17>
1946,NIFF: node <#15> detected a failed network connection on network <#16> via interface <#17>
1947,NIFF: node <#15> detected a failed network connection on network <#16> via interface <#17>
1948,NIFF: node <#15> detected a failed network connection on network <#16> via interface <#17>
1949,NIFF: node <#15> detected a failed network connection on network <#16> via interface <#17>
1950,NIFF: node <#15> detected a failed network connection on network <#16> via interface <#17>
1951,NIFF: node <#15> detected a failed network connection on network <#16> via interface <#17>
1952,NIFF: node <#15> detected a failed network connection on network <#16> via interface <#17>
1953,NIFF: node <#15> detected a failed network connection on network <#16> via interface <#17>
1954,NIFF: node <#15> detected a failed network connection on network <#16> via interface <#17>
1955,NIFF: node <#15> detected a failed network connection on network <#16> via interface <#17>
1956,NIFF: node <#15> detected a failed network connection on network <#16> via interface <#17>
1957,NIFF: node <#15> detected a failed network connection on network <#16> via interface <#17>
1958,NIFF: node <#15> detected a failed network connection on network <#16> via interface <#17>
1959,NIFF: node <#15> detected a failed network connection on network <#16> via interface <#17>
1960,NIFF: node <#15> detected a failed network connection on network <#16> via interface <#17>
1961,NIFF: node <#15> detected a failed network connection on network <#16> via interface <#17>
1962,NIFF: node <#15> detected a failed network connection on network <#16> via interface <#17>
1963,NIFF: node <#15> detected a failed network connection on network <#16> via interface <#17>
1964,NIFF: node <#15> detected a failed network connection on network <#16> via interface <#17>
1965,NIFF: node <#15> detected a failed network connection on network <#16> via interface <#17>
1966,NIFF: node <#15> detected a failed network connection on network <#16> via interface <#17>
1967,NIFF: node <#15> detected a failed network connection on network <#16> via interface <#17>
1968,NIFF: node <#15> detected a failed network connection on network <#16> via interface <#17>
1969,NIFF: node <#15> detected a failed network connection on network <#16> via interface <#17>
1970,NIFF: node <#15> detected a failed network connection on network <#16> via interface <#17>
1971,NIFF: node <#15> detected a failed network connection on network <#16> via interface <#17>
1972,NIFF: node <#15> detected a failed network connection on network <#16> via interface <#17>
1973,NIFF: node <#15> detected a failed network connection on network <#16> via interface <#17>
1974,NIFF: node <#15> detected a failed network connection on network <#16> via interface <#17>
1975,NIFF: node <#15> detected a failed network connection on network <#16> via interface <#17>
1976,NIFF: node <#15> detected a failed network connection on network <#16> via interface <#17>
1977,NIFF: node <#15> detected a failed network connection on network <#16> via interface <#17>
1978,NIFF: node <#15> detected a failed network connection on network <#16> via interface <#17>
1979,NIFF: node <#15> detected a failed network connection on network <#16> via interface <#17>
1980,NIFF: node <#15> detected a failed network connection on network <#16> via interface <#17>
1981,NIFF: node <#15> detected a failed network connection on network <#16> via interface <#17>
1982,NIFF: node <#15> detected a failed network connection on network <#16> via interface <#17>
1983,NIFF: node <#15> detected a failed network connection on network <#16> via interface <#17>
1984,NIFF: node <#15> detected a failed network connection on network <#16> via interface <#17>
1985,NIFF: node <#15> detected a failed network connection on network <#16> via interface <#17>
1986,NIFF: node <#15> detected a failed network connection on network <#16> via interface <#17>
1987,NIFF: node <#15> detected a failed network connection on network <#16> via interface <#17>
1988,NIFF: node <#15> detected a failed network connection on network <#16> via interface <#17>
1989,NIFF: node <#15> detected a failed network connection on network <#16> via interface <#17>
1990,NIFF: node <#15> detected a failed network connection on network <#16> via interface <#17>
1991,NIFF: node <#15> detected a failed network connection on network <#16> via interface <#17>
1992,NIFF: node <#15> detected a failed network connection on network <#16> via interface <#17>
1993,NIFF: node <#15> detected a failed network connection on network <#16> via interface <#17>
1994,NIFF: node <#15> detected a failed network connection on network <#16> via interface <#17>
1995,NIFF: node <#15> detected a failed network connection on network <#16> via interface <#17>
1996,NIFF: node <#15> detected a failed network connection on network <#16> via interface <#17>
1997,NIFF: node <#15> detected a failed network connection on network <#16> via interface <#17>
1998,NIFF: node <#15> detected a failed network connection on network <#16> via interface <#17>
1999,NIFF: node <#15> detected a failed network connection on network <#16> via interface <#17>
